{
  "Giardini2020": {
    "MFB_HF": {
      "fac": 0.6666666666666666,
      "ai": 0.9,
      "ai_sigma": null,
      "ci": 12.375000000000002,
      "ci_sigma": null,
      "sigma": 0.5
    },
    "MFB": {
      "fac": 0.6666666666666666,
      "ai": 1.1,
      "ai_sigma": null,
      "ci": 12.375000000000002,
      "ci_sigma": null,
      "sigma": 0.5
    },
    "mb_P": {
      "fac": 0.6403,
      "ai": 1.2494143370295174,
      "ai_sigma": null,
      "ci": 12.670623145400594,
      "ci_sigma": null,
      "sigma": 0.5
    },
    "mb_S": {
      "fac": 0.6055,
      "ai": 1.5413707679603632,
      "ai_sigma": null,
      "ci": 12.187778695293146,
      "ci_sigma": null,
      "sigma": 0.5
    },
    "m2.4pick": {
      "fac": 0.512,
      "ai": 1.171875,
      "ai_sigma": null,
      "ci": 12.431249999999999,
      "ci_sigma": null,
      "sigma": 0.5
    },
    "m2.4": {
      "fac": 0.512,
      "ai": 1.171875,
      "ai_sigma": null,
      "ci": 12.431249999999999,
      "ci_sigma": null,
      "sigma": 0.5
    }
  },
  "Boese2021": {
    "MFB_HF": {
      "fac": 0.6666666666666666,
      "ai": 0.8,
      "ai_sigma": 0.1,
      "ci": 12.8,
      "ci_sigma": null,
      "sigma": 0.2
    },
    "MFB": {
      "fac": 0.6666666666666666,
      "ai": 1.0,
      "ai_sigma": 0.1,
      "ci": 12.6,
      "ci_sigma": 0.5,
      "sigma": null
    },
    "mb_P": {
      "fac": 1.0,
      "ai": 0.73,
      "ai_sigma": null,
      "ci": 11.8,
      "ci_sigma": null,
      "sigma": 0.5
    },
    "mb_S": {
      "fac": 1.0,
      "ai": 1.06,
      "ai_sigma": null,
      "ci": 10.93,
      "ci_sigma": null,
      "sigma": 0.5
    },
    "m2.4pick": {
      "fac": 1.0,
      "ai": 1.0,
      "ai_sigma": null,
      "ci": 10.76,
      "ci_sigma": null,
      "sigma": 0.2
    },
    "m2.4": {
      "fac": 1.0,
      "ai": 1.0,
      "ai_sigma": null,
      "ci": 11.04,
      "ci_sigma": null,
      "sigma": 0.2
    },
    "m2.4r": {
      "fac": 1.0,
      "ai": 1.0,
      "ai_sigma": null,
      "ci": 11.04,
      "ci_sigma": null,
      "sigma": 0.2
    }
  },
"A0_override": {
    "S0334a": -213,
    "S0376a": -222,
    "S0475a": -214,
    "S0387a": -218,
    "S0756a": -192
    }
}
